name,link,lvl,algem,Calculus,Geometry,Algebra,Applied,Physics,Number Theory,Topology,Logic,Math.Stat and Probability,,Economics,,CS and DS,,Diff Gem,,Dynamics and Diff.Equations
–ê–ª–≥–µ–±—Ä–∞-1,https://old.mccme.ru/ium//f24/f24-Algebra1.html,1,0,0,0,1,0,0,0,0,0,0,,0,,0,,0,,0
–ì–µ–æ–º–µ—Ç—Ä–∏—è,https://old.mccme.ru/ium//f24/f24-Geometry.html,1,0,0,1,0,0,0,0,0,0,0,,0,,0,,0,,0
–ú–∞—Ç–µ–º–∞—Ç–∏—á–µ—Å–∫–∏–π –∞–Ω–∞–ª–∏–∑-1,https://old.mccme.ru/ium//f24/f24-Calculus1.html,1,0,1,0,0,0,0,0,0,0,0,,0,,0,,0,,0
–ê–Ω–∞–ª–∏–∑ –Ω–∞ –º–Ω–æ–≥–æ–æ–±—Ä–∞–∑–∏—è—Ö,https://old.mccme.ru/ium//f24/f24-Calculus3.html,2,0,1,1,0,0,0,0,1,0,0,,0,,0,,1,,0
–¢–æ–ø–æ–ª–æ–≥–∏—è-2,https://old.mccme.ru/ium//f24/f24-Topology2.html,2,0,1,1,0,0,0,0,1,0,0,,0,,0,,0,,0
–ê–ª–≥–µ–±—Ä–∞-3,https://old.mccme.ru/ium//f24/f24-algebra3.html,2,0,0,0,1,0,0,0,0,0,0,,0,,0,,0,,0
–ö–æ–º–ø–ª–µ–∫—Å–Ω—ã–π –∞–Ω–∞–ª–∏–∑,https://old.mccme.ru/ium//f24/f24-Complan-Beloshapka.docx,2,0,1,1,0,0,0,0,0,0,0,,0,,0,,0,,0
–û—Å–Ω–æ–≤—ã –æ–±—ã–∫–Ω–æ–≤–µ–Ω–Ω—ã—Ö –¥–∏—Ñ—Ñ–µ—Ä–µ–Ω—Ü–∏–∞–ª—å–Ω—ã—Ö —É—Ä–∞–≤–Ω–µ–Ω–∏–π –∏ –¥–∏–Ω–∞–º–∏—á–µ—Å–∫–∏—Ö —Å–∏—Å—Ç–µ–º,https://old.mccme.ru/ium//f24/f24-ODE.html,2,0,1,1,0,0,0,0,0,0,0,,0,,0,,0,,1
–ü—Ä–µ–¥–µ–ª—å–Ω—ã–µ —Ç–µ–æ—Ä–µ–º—ã —Ç–µ–æ—Ä–∏–∏ –≤–µ—Ä–æ—è—Ç–Ω–æ—Å—Ç–µ–π –∏ –¥–∏–Ω–∞–º–∏—á–µ—Å–∫–∏–µ —Å–∏—Å—Ç–µ–º—ã,https://old.mccme.ru/ium//f24/f24-Bashtova.pdf,2,0,1,1,0,0,0,0,0,0,0,,0,,0,,0,,1
–ö–æ–≥–æ–º–æ–ª–æ–≥–∏—á–µ—Å–∫–∏–µ –∞—Å–ø–µ–∫—Ç—ã –≥–µ–æ–º–µ—Ç—Ä–∏–∏ –¥–∏—Ñ—Ñ–µ—Ä–µ–Ω—Ü–∏–∞–ª—å–Ω—ã—Ö —É—Ä–∞–≤–Ω–µ–Ω–∏–π,https://old.mccme.ru/ium//f24/hom_de.html,2,0,0,0,0,0,0,0,0,0,0,,0,,0,,0,,1
–ë–∞–∑–æ–≤—ã–µ –º–µ—Ç–æ–¥—ã –≤ –∞–ª–≥–µ–±—Ä–∞–∏—á–µ—Å–∫–æ–π —Ç–æ–ø–æ–ª–æ–≥–∏–∏,https://old.mccme.ru/ium//f24/f24-VylegzhaninRozhdestvenskii.html,2,0,0,1,1,0,0,0,0,0,0,,0,,0,,0,,0
–ú–∞—Ç–µ–º–∞—Ç–∏–∫–∞ –±–æ–ª—å—à–∏—Ö –¥–∞–Ω–Ω—ã—Ö,https://old.mccme.ru/ium//f24/f24-Gasnikov.html,2,0,0,0,0,1,0,0,0,0,0,,0,,1,,0,,0
–ê–Ω–∞–ª–∏–∑ –§—É—Ä—å–µ –≤ —Ç–µ–æ—Ä–∏–∏ —á–∏—Å–µ–ª,https://old.mccme.ru/ium//f24/f24-Kalmynin.html,2,0,1,0,0,0,0,1,0,0,0,,0,,0,,0,,0
–î–∏–æ—Ñ–∞–Ω—Ç–æ–≤—ã –ø—Ä–∏–±–ª–∏–∂–µ–Ω–∏—è,https://old.mccme.ru/ium//f24/sem-Moschevitin.html,2,0,0,0,0,0,0,1,0,0,0,,0,,0,,0,,0
–ó–∞–¥–∞—á–∏ —Å–æ–≤—Ä–µ–º–µ–Ω–Ω–æ–π —Ç–µ–æ—Ä–∏–∏ –î–∏–æ—Ñ–∞–Ω—Ç–æ–≤—ã—Ö –ø—Ä–∏–±–ª–∏–∂–µ–Ω–∏–π,https://old.mccme.ru/ium//f24/f24-Moschevitin.html,2,0,0,0,0,0,0,1,0,0,0,,0,,0,,0,,0
–§–æ—Ä–º–∞–ª—å–Ω—ã–µ —è–∑—ã–∫–∏,https://old.mccme.ru/ium//f24/f24-Overchuk.html,2,0,0,0,0,0,0,0,0,1,0,,0,,0,,0,,0
–ì–µ—Å—Å–∏–∞–Ω–æ–≤–∞ –≥–µ–æ–º–µ—Ç—Ä–∏—è,https://old.mccme.ru/ium//f24/f24-Osipov.html,2,0,0,1,0,0,0,0,0,0,0,,0,,0,,1,,0
"–¢–æ—Ä–∏—á–µ—Å–∫–∞—è —Ç–æ–ø–æ–ª–æ–≥–∏—è, –∫–æ–º–±–∏–Ω–∞—Ç–æ—Ä–∏–∫–∞ –∏ —Ç–µ–æ—Ä–∏—è –≥–æ–º–æ—Ç–æ–ø–∏–π",https://old.mccme.ru/ium//f24/sem-panov.html,3,0,0,1,0,0,0,0,1,0,0,,0,,0,,0,,0
–°–ø–µ–∫—Ç—Ä–∞–ª—å–Ω–∞—è –≥–µ–æ–º–µ—Ç—Ä–∏—è,https://old.mccme.ru/ium//f24/Penskoi-sem.html,2,0,0,1,0,0,0,0,0,0,0,,0,,0,,1,,0
–î–æ–ø–æ–ª–Ω–∏—Ç–µ–ª—å–Ω—ã–µ –≥–ª–∞–≤—ã –≥–µ–æ–º–µ—Ç—Ä–∏–∏,https://old.mccme.ru/ium//f24/f24-Penskoi.html,2,0,0,1,0,0,0,0,0,0,0,,0,,0,,1,,0
p-–∞–¥–∏—á–µ—Å–∫–∏–µ —á–∏—Å–ª–∞,https://old.mccme.ru/ium//f24/f24-Rovinskii-p-adic.pdf,3,0,0,0,0,0,0,1,0,0,0,,0,,0,,0,,0
–ê–ª–≥–µ–±—Ä–∞–∏—á–µ—Å–∫–∞—è —Ç–µ–æ—Ä–∏—è —á–∏—Å–µ–ª: –≤–≤–µ–¥–µ–Ω–∏–µ,https://old.mccme.ru/ium//f24/f24-25-Rosenblum-ant2425.pdf,1,0,0,0,1,0,0,1,0,0,0,,0,,0,,0,,0
–ò–∑–±—Ä–∞–Ω–Ω—ã–µ —Å—é–∂–µ—Ç—ã –∏–∑ —Ç–æ–ø–æ–ª–æ–≥–∏–∏ –ø–æ–≤–µ—Ä—Ö–Ω–æ—Å—Ç–µ–π,https://old.mccme.ru//ium//s23/ryabichev/f24-Surf.html,2,0,0,1,0,0,0,0,1,0,0,,0,,0,,0,,0
–ê–ª–≥–µ–±—Ä–∞–∏—á–µ—Å–∫–∞—è —Ç–µ–æ—Ä–∏—è –∫–∞—Ç–µ–≥–æ—Ä–∏–π,https://old.mccme.ru/ium//f24/f24-Tereshkin.html,1,0,0,0,1,0,0,0,0,1,0,,0,,0,,0,,0
–¢—ç—Ç–∞-—Ñ—É–Ω–∫—Ü–∏–∏ –∏ —Ä–µ—à–µ—Ç–∫–∏,https://old.mccme.ru/ium//f24/f24-Shabat.html,2,0,0,0,0,0,0,1,0,0,0,,0,,0,,0,,0
–¢–µ–æ—Ä–∏—è –≤–µ—Ä–æ—è—Ç–Ω–æ—Å—Ç–µ–π (–ø—Ä–æ–¥–æ–ª–∂–µ–Ω–∏–µ),https://old.mccme.ru/ium//f24/f24-Probability.html,2,0,0,0,0,0,0,0,0,0,0,,0,,0,,0,,0
–î–µ—Ñ–æ—Ä–º–∞—Ü–∏–æ–Ω–Ω–æ–µ –∫–≤–∞–Ω—Ç–æ–≤–∞–Ω–∏–µ –∏ –∫–≤–∞–Ω—Ç–æ–≤—ã–µ –≥—Ä—É–ø–ø—ã,https://old.mccme.ru/ium//f24/sem-sharygin.html,2,0,0,0,0,0,0,0,0,0,0,,0,,0,,0,,0
–ê–≤—Ç–æ–º–æ—Ä—Ñ–Ω—ã–µ —Ñ–æ—Ä–º—ã –∏ –∏—Ö –ø—Ä–∏–ª–æ–∂–µ–Ω–∏—è , 27,2,0,0,0,1,0,0,1,0,0,0,,0,,0,,0,,0
–ê–ª–≥–µ–±—Ä–∞–∏—á–µ—Å–∫–∏–µ –∫—Ä–∏–≤—ã–µ , 28,1,1,0,0,1,0,0,1,0,0,0,,0,,0,,0,,0
–ê–ª–≥–µ–±—Ä–∞–∏—á–µ—Å–∫–∏–µ –ø–æ–≤–µ—Ä—Ö–Ω–æ—Å—Ç–∏ , 29,2,1,0,0,1,0,0,1,0,0,0,,0,,0,,0,,0
–ê–ª–≥–µ–±—Ä—ã –õ–∏ –∏ –∏—Ö –ø—Ä–µ–¥—Å—Ç–∞–≤–ª–µ–Ω–∏—è , 30,1,0,0,0,1,0,0,0,0,0,0,,0,,0,,0,,0
–ê–ª–≥–æ—Ä–∏—Ç–º—ã –∫–∞–∫ –º–∞—Ç–µ–º–∞—Ç–∏—á–µ—Å–∫–æ–µ –∏—Å—Å–ª–µ–¥–æ–≤–∞–Ω–∏–µ , 31,1,0,0,0,0,1,0,0,0,1,0,,0,,1,,0,,0
–ê–Ω–∞–ª–∏–∑ –∏ –≥–µ–æ–º–µ—Ç—Ä–∏—è –∏–Ω—Ç–µ–≥—Ä–∞–ª–æ–≤-–ø–µ—Ä–∏–æ–¥–æ–≤ , 33,3,0,1,1,0,0,0,0,0,0,0,,0,,0,,0,,0
–ê–Ω–∞–ª–∏—Ç–∏—á–µ—Å–∫–∞—è —Ç–µ–æ—Ä–∏—è —á–∏—Å–µ–ª —Å —ç–ª–µ–º–µ–Ω—Ç–∞–º–∏ –≥–µ–æ–º–µ—Ç—Ä–∏–∏ —á–∏—Å–µ–ª , 36,2,0,1,0,0,0,0,1,0,0,0,,0,,0,,0,,0
–í–∞—Ä–∏–∞—Ü–∏–æ–Ω–Ω–æ–µ –∏—Å—á–∏—Å–ª–µ–Ω–∏–µ –∏ –æ–ø—Ç–∏–º–∞–ª—å–Ω–æ–µ —É–ø—Ä–∞–≤–ª–µ–Ω–∏–µ , 37,2,0,1,0,0,1,0,0,0,0,0,,1,,0,,0,,0
–í–≤–µ–¥–µ–Ω–∏–µ –≤ –ö–ê–ú-—Ç–µ–æ—Ä–∏—é , 38,3,0,1,0,0,0,0,0,0,0,0,,0,,0,,0,,0
–í–≤–µ–¥–µ–Ω–∏–µ –≤ –∞–ª–≥–µ–±—Ä–∞–∏—á–µ—Å–∫–∏–µ –≥—Ä—É–ø–ø—ã –∏ –∏—Ö –∏–Ω–≤–∞—Ä–∏–∞–Ω—Ç—ã , 40,2,0,0,0,1,0,0,1,0,0,0,,0,,0,,0,,0
–í–≤–µ–¥–µ–Ω–∏–µ –≤ –∞–ª–≥–µ–±—Ä–∞–∏—á–µ—Å–∫—É—é —Ç–µ–æ—Ä–∏—é —á–∏—Å–µ–ª , 42,2,0,0,0,1,0,0,1,0,0,0,,0,,0,,0,,0
–í–≤–µ–¥–µ–Ω–∏–µ –≤ –∞–ª–≥–µ–±—Ä–∞–∏—á–µ—Å–∫—É—é —Ç–æ–ø–æ–ª–æ–≥–∏—é , 43,2,0,0,1,1,0,0,0,1,0,0,,0,,0,,0,,0
–í–≤–µ–¥–µ–Ω–∏–µ –≤ –¥–∏—Ñ—Ñ–µ—Ä–µ–Ω—Ü–∏–∞–ª—å–Ω—É—é –≥–µ–æ–º–µ—Ç—Ä–∏—é , 44,2,0,1,1,0,0,0,0,0,0,0,,0,,0,,1,,0
–í–≤–µ–¥–µ–Ω–∏–µ –≤ –∫–≤–∞–Ω—Ç–æ–≤—É—é —Ç–µ–æ—Ä–∏—é –ø–æ–ª—è , 45,2,0,0,0,0,0,1,0,0,0,0,,0,,0,,0,,0
–í–≤–µ–¥–µ–Ω–∏–µ –≤ –∫–æ–º–º—É—Ç–∞—Ç–∏–≤–Ω—É—é –∞–ª–≥–µ–±—Ä—É , 47,2,0,0,0,1,0,0,1,0,0,0,,0,,0,,0,,0
–í–≤–µ–¥–µ–Ω–∏–µ –≤ –æ–±–æ–±—â–µ–Ω–Ω—ã–µ —Ç–µ–æ—Ä–∏–∏ –∫–æ–≥–æ–º–æ–ª–æ–≥–∏–π , 48,3,0,0,0,0,0,0,1,0,0,0,,0,,0,,0,,0
–í–≤–µ–¥–µ–Ω–∏–µ –≤ –æ–±–æ–±—â—ë–Ω–Ω—É—é —Ç–µ–æ—Ä–∏—é —Ä–µ–∫—É—Ä—Å–∏–π , 49,2,0,0,0,0,1,0,0,0,1,0,,0,,1,,0,,0
–í–≤–µ–¥–µ–Ω–∏–µ –≤ —Ä–∏–º–∞–Ω–æ–≤—ã –ø–æ–≤–µ—Ä—Ö–Ω–æ—Å—Ç–∏ , 50,3,0,0,1,0,0,0,0,0,0,0,,0,,0,,1,,0
–í–≤–µ–¥–µ–Ω–∏–µ –≤ —Ç–µ–æ—Ä–∏—é –ì–∞–ª—É–∞ , 51,3,0,0,0,1,0,0,1,0,0,0,,0,,0,,0,,0
–í–≤–µ–¥–µ–Ω–∏–µ –≤ —Ç–µ–æ—Ä–∏—é –ø—É—á–∫–æ–≤ , 52,2,1,0,0,1,0,0,0,0,0,0,,0,,0,,0,,0
–í–≤–µ–¥–µ–Ω–∏–µ –≤ —Ç–µ–æ—Ä–∏—é —Å–ª—É—á–∞–π–Ω—ã—Ö –ø—Ä–æ—Ü–µ—Å—Å–æ–≤ , 53,2,0,0,0,0,0,0,0,0,0,0,,0,,0,,0,,0
–í–≤–µ–¥–µ–Ω–∏–µ –≤ —Ç–µ–æ—Ä–∏—é —Å—Ö–µ–º , 54,2,1,0,0,1,0,0,0,0,0,0,,0,,0,,0,,0
–í–≤–µ–¥–µ–Ω–∏–µ –≤ —Ç–µ–æ—Ä–∏—é —á–∏—Å–µ–ª , 55,1,0,0,0,0,0,0,1,0,0,0,,0,,0,,0,,0
–í–≤–µ–¥–µ–Ω–∏–µ –≤ —Ñ—É–Ω–∫—Ü–∏–æ–Ω–∞–ª—å–Ω—ã–π –∞–Ω–∞–ª–∏–∑ , 56,2,0,1,0,0,0,0,0,0,0,0,,0,,0,,0,,0
–í–≤–µ–¥–µ–Ω–∏–µ –≤ —ç—Ä–≥–æ–¥–∏—á–µ—Å–∫—É—é —Ç–µ–æ—Ä–∏—é , 57,2,0,1,0,0,0,0,0,0,0,0,,0,,0,,0,,0
–ì–∞–º–∏–ª—å—Ç–æ–Ω–æ–≤–∞ –º–µ—Ö–∞–Ω–∏–∫–∞ , 58,2,0,0,0,0,0,1,0,0,0,0,,0,,0,,0,,0
–ì–∞—Ä–º–æ–Ω–∏—á–µ—Å–∫–∏–π –∞–Ω–∞–ª–∏–∑ –∏ –±–∞–Ω–∞—Ö–æ–≤—ã –∞–ª–≥–µ–±—Ä—ã , 59,2,0,1,0,0,0,0,0,0,0,0,,0,,0,,0,,0
–ì–µ–æ–º–µ—Ç—Ä–∏—á–µ—Å–∫–∏–µ —Å—Ç—Ä—É–∫—Ç—É—Ä—ã –Ω–∞ –º–Ω–æ–≥–æ–æ–±—Ä–∞–∑–∏—è,"—É–Ω,",2,0,0,1,0,0,0,0,0,0,0,,0,,0,,0,,0
–ì–µ–æ–º–µ—Ç—Ä–∏—á–µ—Å–∫–æ–µ –≤–≤–µ–¥–µ–Ω–∏–µ –≤ –∞–ª–≥–µ–±—Ä–∞–∏—á–µ—Å–∫—É—é –≥–µ–æ–º–µ—Ç—Ä–∏—é , 62,2,1,0,1,0,0,0,0,0,0,0,,0,,0,,0,,0
–ì–µ–æ–º–µ—Ç—Ä–∏—è –∏ –∞–ª–≥–µ–±—Ä–∞ –∏–Ω—Ç–µ–≥—Ä–∏—Ä—É–µ–º—ã—Ö —Ä–∞—Å–ø—Ä–µ–¥–µ–ª–µ–Ω–∏–π , 65,2,0,0,1,0,0,0,0,0,0,0,,0,,0,,0,,1
–ì–µ–æ–º–µ—Ç—Ä–∏—è –∏ –¥–∏–Ω–∞–º–∏–∫–∞ , 66,1,0,0,1,0,0,0,0,0,0,0,,0,,0,,0,,1
–ì–µ–æ–º–µ—Ç—Ä–∏—è –∏ —Ç–æ–ø–æ–ª–æ–≥–∏—è –æ—Å–æ–±—ã—Ö —Ç–æ—á–µ–∫ –∫–æ–º–ø–ª–µ–∫—Å–Ω—ã—Ö –≥–∏–ø–µ—Ä–ø–æ–≤–µ—Ä—Ö–Ω–æ—Å—Ç–µ–π , 68,3,0,0,1,0,0,0,0,1,0,0,,0,,0,,0,,0
–ì–∏–ø–µ—Ä–±–æ–ª–∏—á–µ—Å–∫–∏–µ –≥—Ä—É–ø–ø—ã –ø–æ –ì—Ä–æ–º–æ–≤—É , 69,2,0,0,0,0,0,0,0,0,0,0,,0,,0,,0,,0
–ì–ª–∞–¥–∫–∏–µ —Å—Ç—Ä—É–∫—Ç—É—Ä—ã –Ω–∞ –º–Ω–æ–≥–æ–æ–±—Ä–∞–∑–∏—è—Ö , 70,3,0,1,1,0,0,0,0,0,0,0,,0,,0,,1,,0
–ì–æ–ª–æ–º–æ—Ä—Ñ–Ω–∞—è –¥–∏–Ω–∞–º–∏–∫–∞ , 71,2,0,1,0,0,0,0,0,0,0,0,,0,,0,,0,,1
–ì—Ä—É–ø–ø–∞ –ö—Ä–µ–º–æ–Ω—ã –∏ –µ—ë –ø–æ–¥–≥—Ä—É–ø–ø—ã , 72,3,1,0,0,1,0,0,1,0,0,0,,0,,0,,0,,0
"–ì—Ä—É–ø–ø–∞ –∫–æ—Å, –∫–≤–∞–Ω—Ç–æ–≤—ã–µ –≥—Ä—É–ø–ø—ã –∏ –ø—Ä–∏–ª–æ–∂–µ–Ω–∏—è ", 73,2,0,0,0,0,0,0,0,0,0,0,,0,,0,,0,,0
–ì—Ä—É–ø–ø—ã –∏ –∞–ª–≥–µ–±—Ä—ã –õ–∏ , 75,2,0,0,0,0,0,0,0,0,0,0,,0,,0,,0,,0
–î–∏–Ω–∞–º–∏–∫–∞ –∞–≤—Ç–æ–º–æ—Ä—Ñ–∏–∑–º–æ–≤ –∞–ª–≥–µ–±—Ä–∞–∏—á–µ—Å–∫–∏—Ö –º–Ω–æ–≥–æ–æ–±—Ä–∞–∑–∏–π , 77,2,1,0,0,0,0,0,0,0,0,0,,0,,0,,0,,0
–î–∏–Ω–∞–º–∏—á–µ—Å–∫–∏–µ —Å–∏—Å—Ç–µ–º—ã , 79,2,0,0,0,0,0,0,0,0,0,0,,0,,0,,0,,1
–î–∏—Å–∫—Ä–µ—Ç–Ω–∞—è –æ–ø—Ç–∏–º–∏–∑–∞—Ü–∏—è –∏ —Ü–µ–ª–æ—á–∏—Å–ª–µ–Ω–Ω–æ–µ –ª–∏–Ω–µ–π–Ω–æ–µ –ø—Ä–æ–≥—Ä–∞–º–º–∏—Ä–æ–≤–∞–Ω–∏–µ , 80,2,0,0,0,0,1,0,0,0,0,0,,0,,1,,0,,0
–î–∏—Ñ—Ñ–µ—Ä–µ–Ω—Ü–∏–∞–ª—å–Ω–∞—è –≥–µ–æ–º–µ—Ç—Ä–∏—è –∏ –æ–¥–Ω–æ—Ä–æ–¥–Ω—ã–µ –ø—Ä–æ—Å—Ç—Ä–∞–Ω—Å—Ç–≤–∞. –ü—Ä–∏–º–µ–Ω–µ–Ω–∏—è –∫ –∏–Ω—Ñ–æ—Ä–º–∞—Ü–∏–æ–Ω–Ω–æ, 82,2,0,0,1,0,0,0,0,0,0,0,,0,,0,,1,,0
–ó–Ω–∞–∫–æ–º—Å—Ç–≤–æ —Å –º–∞—Ç–µ–º–∞—Ç–∏—á–µ—Å–∫–æ–π —Ñ–∏–∑–∏–∫–æ–π , 84,2,0,0,0,0,0,1,0,0,0,0,,0,,0,,0,,0
–ò–∑–±—Ä–∞–Ω–Ω—ã–µ –≥–ª–∞–≤—ã –¥–∏—Å–∫—Ä–µ—Ç–Ω–æ–π –º–∞—Ç–µ–º–∞—Ç–∏–∫–∏ , 85,2,0,0,0,0,0,0,0,0,1,0,,0,,0,,0,,0
–ò–∑–±—Ä–∞–Ω–Ω—ã–µ –≥–ª–∞–≤—ã –º–∞—Ç–µ–º–∞—Ç–∏—á–µ—Å–∫–æ–π —ç–∫–æ–Ω–æ–º–∏–∫–∏ , 86,2,0,0,0,0,1,0,0,0,0,0,,1,,0,,0,,0
–ò–Ω—Ç–µ–≥—Ä–∏—Ä—É–µ–º–æ—Å—Ç—å –≤ –∫–≤–∞–Ω—Ç–æ–≤–æ–π —Ç–µ–æ—Ä–∏–∏ –ø–æ–ª—è , 88,2,0,0,0,0,0,1,0,0,0,0,,0,,0,,0,,0
–ò–Ω—Ç–µ–≥—Ä–∏—Ä—É–µ–º—ã–µ —Å–∏—Å—Ç–µ–º—ã –∫–ª–∞—Å—Å–∏—á–µ—Å–∫–æ–π –º–µ—Ö–∞–Ω–∏–∫–∏ , 90,2,0,0,0,0,0,1,0,0,0,0,,0,,0,,0,,0
–ò–Ω—Ç–µ–≥—Ä–∏—Ä—É–µ–º—ã–µ —Å–∏—Å—Ç–µ–º—ã —á–∞—Å—Ç–∏—Ü –∏ –Ω–µ–ª–∏–Ω–µ–π–Ω—ã–µ —É—Ä–∞–≤–Ω–µ–Ω–∏—è , 91,2,0,0,0,0,0,1,0,0,0,0,,0,,0,,0,,1
ùêæ-—Ç–µ–æ—Ä–∏—è ùê∂‚àó-–∞–ª–≥–µ–±—Ä , 92,3,0,0,0,1,0,0,0,0,0,0,,0,,0,,0,,0
–ö–≤–∞–Ω—Ç–æ–≤–∞—è –º–µ—Ö–∞–Ω–∏–∫–∞ , 94,3,0,0,0,0,0,1,0,0,0,0,,0,,0,,0,,0
"–ö–≤–∞–Ω—Ç–æ–≤—ã–µ –≥—Ä—É–ø–ø—ã: —Å—Ç—Ä—É–∫—Ç—É—Ä—ã, –ø—Ä–µ–¥—Å—Ç–∞–≤–ª–µ–Ω–∏—è –∏ –ø—Ä–∏–ª–æ–∂–µ–Ω–∏—è ", 98,2,0,0,0,1,0,1,0,0,0,0,,0,,0,,0,,0
"–ö–ª–∞—Å—Å–∏—á–µ—Å–∫–∏–µ –≥—Ä—É–ø–ø—ã, –∏—Ö –∏–Ω–≤–∞—Ä–∏–∞–Ω—Ç—ã –∏ –ø—Ä–µ–¥—Å—Ç–∞–≤–ª–µ–Ω–∏—è ",100,2,0,0,0,1,0,0,0,0,0,0,,0,,0,,0,,0
–ö–æ–º–ø–ª–µ–∫—Å–Ω–∞—è –≥–µ–æ–º–µ—Ç—Ä–∏—è ,102,2,1,0,1,0,0,0,0,0,0,0,,0,,0,,1,,0
–ö–æ–Ω–µ—á–Ω—ã–µ –∫–æ–ª—å—Ü–∞: –∞—Ä–∏—Ñ–º–µ—Ç–∏–∫–∞ –º–Ω–æ–≥–æ—á–ª–µ–Ω–æ–≤ –∏ –∫–æ–¥—ã ,103,2,0,0,0,1,0,0,1,0,0,0,,0,,0,,0,,0
–õ–∏–Ω–µ–π–Ω–æ–µ –ø—Ä–æ–≥—Ä–∞–º–º–∏—Ä–æ–≤–∞–Ω–∏–µ ,105,1,0,0,0,0,1,0,0,0,0,0,,0,,1,,0,,0
–õ–æ–∫–∞–ª–∏–∑–∞—Ü–∏—è –∏ —Ä–∞—Ü–∏–æ–Ω–∞–ª—å–Ω–∞—è —Ç–µ–æ—Ä–∏—è –≥–æ–º–æ—Ç–æ–ø–∏–π ,107,2,0,0,1,0,0,0,0,0,0,0,,0,,0,,0,,0
–ú–∞—Ç–µ–º–∞—Ç–∏–∫–∞ —Ñ–∏–∑–∏—á–µ—Å–∫–∏—Ö —è–≤–ª–µ–Ω–∏–π ,108,1,0,0,0,0,0,1,0,0,0,0,,0,,0,,0,,0
–ú–∞—Ç–µ–º–∞—Ç–∏—á–µ—Å–∫–∞—è —Ñ–∏–∑–∏–∫–∞ ,110,2,0,0,0,0,0,1,0,0,0,0,,0,,0,,0,,0
–ú–∞—Ç–µ–º–∞—Ç–∏—á–µ—Å–∫–∏–µ –æ—Å–Ω–æ–≤—ã –∫–≤–∞–Ω—Ç–æ–≤–æ–π –º–µ—Ö–∞–Ω–∏–∫–∏ ,111,2,0,0,0,0,0,1,0,0,0,0,,0,,0,,0,,0
–ú–Ω–æ–≥–æ–≥—Ä–∞–Ω–Ω–∏–∫–∏ –∏ –∞–ª–≥–µ–±—Ä–∞–∏—á–µ—Å–∫–∞—è –≥–µ–æ–º–µ—Ç—Ä–∏—è ,113,2,1,0,1,0,0,0,0,0,0,0,,0,,0,,0,,0
–ú–Ω–æ–∂–µ—Å—Ç–≤–∞ –∏ –º–æ–¥–µ–ª–∏ ,115,2,0,0,0,0,0,0,0,0,1,0,,0,,0,,0,,0
–ú–æ–¥—É–ª—è—Ä–Ω—ã–µ —Ñ–æ—Ä–º—ã ,116,2,0,0,0,1,0,0,1,0,0,0,,0,,0,,0,,0
–ù–µ–ø–∞—Ä–∞–º–µ—Ç—Ä–∏–∫–∞ –∏ –¥—Ä—É–≥–∏–µ —Å—é–∂–µ—Ç—ã —Å—Ç–∞—Ç–∏—Å—Ç–∏–∫–∏ ,117,1,0,0,0,0,1,0,0,0,0,1,,0,,0,,0,,0
–û—Å–Ω–æ–≤–Ω—ã–µ –ø–æ–Ω—è—Ç–∏—è –º–∞—Ç–µ–º–∞—Ç–∏–∫–∏ ,119,1,0,0,0,0,0,0,0,0,0,0,,0,,0,,0,,0
–û—Å–Ω–æ–≤–Ω—ã–µ –ø—Ä–∏–ª–æ–∂–µ–Ω–∏—è –º–∞—Ç–µ–º–∞—Ç–∏–∫–∏ ,120,1,0,0,0,0,1,0,0,0,0,0,,0,,0,,0,,0
–ü–æ–≤–µ—Ä—Ö–Ω–æ—Å—Ç–∏ –∏ –º–Ω–æ–≥–æ–º–µ—Ä–Ω–∞—è –∞–ª–≥–µ–±—Ä–∞–∏—á–µ—Å–∫–∞—è –≥–µ–æ–º–µ—Ç—Ä–∏—è ,121,2,1,0,1,0,0,0,0,0,0,0,,0,,0,,0,,0
–ü—Ä–µ–¥—Å—Ç–∞–≤–ª–µ–Ω–∏—è –∏ –≤–µ—Ä–æ—è—Ç–Ω–æ—Å—Ç—å ,122,2,0,1,0,0,1,0,0,0,0,1,,0,,,,0,,0
–ü—Ä–µ–æ–±—Ä–∞–∑–æ–≤–∞–Ω–∏–µ –§—É—Ä—å–µ –∏ –µ–≥–æ –∏—Å–ø–æ–ª—å–∑–æ–≤–∞–Ω–∏–µ: –ø—Ä–∏–º–µ—Ä—ã –¥–∏—Å–∫—Ä–µ—Ç–Ω—ã–µ –∏ –Ω–µ–ø—Ä–µ—Ä—ã–≤–Ω—ã–µ ,124,1,0,1,0,0,1,0,0,0,0,0,,0,,1,,0,,0
–ü—Ä–∏–∫–ª–∞–¥–Ω—ã–µ –º–µ—Ç–æ–¥—ã –∞–Ω–∞–ª–∏–∑–∞ ,126,2,0,1,0,0,1,0,0,0,0,0,,0,,1,,0,,0
–ü—Ä–æ–µ–∫—Ç–∏–≤–Ω–∞—è –∞–ª–≥–µ–±—Ä–∞–∏—á–µ—Å–∫–∞—è –≥–µ–æ–º–µ—Ç—Ä–∏—è 1 ,127,1,1,0,1,0,0,0,0,0,0,0,,0,,0,,0,,0
–ü—Ä–æ–µ–∫—Ç–∏–≤–Ω–∞—è –∞–ª–≥–µ–±—Ä–∞–∏—á–µ—Å–∫–∞—è –≥–µ–æ–º–µ—Ç—Ä–∏—è 2 ,128,1,1,0,1,0,0,0,0,0,0,0,,0,,0,,0,,0
–ü—Ä–æ–ø–æ–∑–∏—Ü–∏–æ–Ω–∞–ª—å–Ω—ã–µ –ª–æ–≥–∏—á–µ—Å–∫–∏–µ —Å–∏—Å—Ç–µ–º—ã ,129,2,0,0,0,0,0,0,0,0,1,0,,0,,0,,0,,0
–†–∏–º–∞–Ω–æ–≤–∞ –≥–µ–æ–º–µ—Ç—Ä–∏—è ,130,3,0,0,1,0,0,0,0,0,0,0,,0,,0,,1,,0
"–†–∏–º–∞–Ω–æ–≤—ã –ø–æ–≤–µ—Ä—Ö–Ω–æ—Å—Ç–∏, —Ç—ç—Ç–∞-—Ñ—É–Ω–∫—Ü–∏–∏ –∏ –Ω–µ–ª–∏–Ω–µ–π–Ω—ã–µ —É—Ä–∞–≤–Ω–µ–Ω–∏—è ",131,3,0,1,1,0,0,0,1,0,0,0,,0,,0,,1,,1
–°–∏–º–º–µ—Ç—Ä–∏—á–µ—Å–∫–∏–µ —Ñ—É–Ω–∫—Ü–∏–∏ ,132,2,0,0,0,0,0,0,0,0,0,0,,0,,0,,0,,0
–°–ª–æ–∂–Ω—ã–µ —Å–µ—Ç–∏ ,134,2,0,0,0,0,1,0,0,0,0,1,,0,,0,,0,,0
–°–æ–≤—Ä–µ–º–µ–Ω–Ω—ã–µ –¥–∏–Ω–∞–º–∏—á–µ—Å–∫–∏–µ —Å–∏—Å—Ç–µ–º—ã ,136,3,0,1,0,0,0,0,0,0,0,0,,0,,0,,0,,1
–°–æ–≤—Ä–µ–º–µ–Ω–Ω—ã–µ –ø—Ä–æ–±–ª–µ–º—ã –∞–Ω–∞–ª–∏–∑–∞ ,137,3,0,1,0,0,0,0,0,0,0,0,,0,,0,,0,,0
–°–æ–≤—Ä–µ–º–µ–Ω–Ω—ã–µ –ø—Ä–æ–±–ª–µ–º—ã –º–∞—Ç–µ–º–∞—Ç–∏—á–µ—Å–∫–æ–π –ª–æ–≥–∏–∫–∏ ,139,3,0,0,0,0,0,0,0,0,1,0,,0,,0,,0,,0
–°–ø–µ—Ü–∏–∞–ª—å–Ω—ã–µ —Ñ—É–Ω–∫—Ü–∏–∏ ,140,2,0,1,0,0,0,0,0,0,0,0,,0,,0,,0,,0
–°—Ç–∞—Ç–∏—Å—Ç–∏—á–µ—Å–∫–∞—è –º–µ—Ö–∞–Ω–∏–∫–∞ ,141,2,0,0,0,0,0,1,0,0,0,0,,0,,0,,0,,0
–°—Ç–∞—Ç–∏—Å—Ç–∏—á–µ—Å–∫–∞—è —Ñ–∏–∑–∏–∫–∞ –≤ —Ç–æ—á–Ω–æ—Ä–µ—à–∞–µ–º—ã—Ö –º–æ–¥–µ–ª—è—Ö ,142,2,0,0,0,0,0,1,0,0,0,0,,0,,0,,0,,0
–°—Ç–æ—Ö–∞—Å—Ç–∏—á–µ—Å–∫–∏–π –∞–Ω–∞–ª–∏–∑ –∏ –ø—Ä–∏–ª–æ–∂–µ–Ω–∏—è ,143,2,0,1,0,0,0,0,0,0,0,0,,0,,0,,0,,0
–°—Ç—Ä—É–∫—Ç—É—Ä–∞ –•–æ–¥–∂–∞ –∏ –ê-–¥–∏—Å–∫—Ä–∏–º–∏–Ω–∞–Ω—Ç –∞—Ñ—Ñ–∏–Ω–Ω–æ–π –≥–∏–ø–µ—Ä–ø–æ–≤–µ—Ä—Ö–Ω–æ—Å—Ç–∏ ,145,3,1,0,0,0,0,0,0,0,0,0,,0,,0,,0,,0
–¢–µ–æ—Ä–∏—è –∏–≥—Ä ,147,2,0,0,0,0,1,0,0,0,0,0,,1,,0,,0,,0
–¢–µ–æ—Ä–∏—è –∫–æ–¥–∏—Ä–æ–≤–∞–Ω–∏—è –∫–∞–∫ –≤–≤–µ–¥–µ–Ω–∏–µ –≤ –∞–ª–≥–µ–±—Ä—É –∏ –∞—Ä–∏—Ñ–º–µ—Ç–∏–∫—É ,148,2,0,0,0,1,0,0,1,0,0,0,,0,,0,,0,,0
–¢–µ–æ—Ä–∏—è –ø–µ—Ä–µ—Å–µ—á–µ–Ω–∏–π –∏ —Ö–∞—Ä–∞–∫—Ç–µ—Ä–∏—Å—Ç–∏—á–µ—Å–∫–∏–µ –∫–ª–∞—Å—Å—ã ,150,3,0,0,0,0,0,0,0,1,0,0,,0,,0,,0,,0
–¢–µ–æ—Ä–∏—è –ø—Ä–µ–¥—Å—Ç–∞–≤–ª–µ–Ω–∏–π ,151,2,0,0,0,1,0,0,0,0,0,0,,0,,0,,0,,0
–¢–µ–æ—Ä–∏—è —Å–æ–ª–∏—Ç–æ–Ω–æ–≤ ,152,2,0,0,0,0,0,1,0,0,0,0,,0,,0,,0,,0
–¢–æ–ø–æ–ª–æ–≥–∏—á–µ—Å–∫–∞—è –æ–±—Ä–∞–±–æ—Ç–∫–∞ –¥–∞–Ω–Ω—ã—Ö ,153,2,0,0,0,0,1,0,0,1,0,0,,0,,1,,0,,0
–£—Ä–∞–≤–Ω–µ–Ω–∏—è –≤ —á–∞—Å—Ç–Ω—ã—Ö –ø—Ä–æ–∏–∑–≤–æ–¥–Ω—ã—Ö ,154,3,0,1,0,0,0,0,0,0,0,0,,0,,0,,0,,1
–§—É–Ω–∫—Ü–∏–æ–Ω–∞–ª—å–Ω—ã–π –∞–Ω–∞–ª–∏–∑ ,156,3,0,1,0,0,0,0,0,0,0,0,,0,,0,,0,,0
–§—É–Ω–∫—Ü–∏–æ–Ω–∞–ª—å–Ω—ã–π –∞–Ω–∞–ª–∏–∑ –∏ –Ω–µ–∫–æ–º–º—É—Ç–∞—Ç–∏–≤–Ω–∞—è –≥–µ–æ–º–µ—Ç—Ä–∏—è ,158,2,0,1,0,0,0,0,0,0,0,0,,0,,0,,0,,0
–§—É–Ω–∫—Ü–∏–æ–Ω–∞–ª—å–Ω—ã–π –∏–Ω—Ç–µ–≥—Ä–∞–ª: —Å—Ç–æ—Ö–∞—Å—Ç–∏—á–µ—Å–∫–∏–µ –ø—Ä–æ—Ü–µ—Å—Å—ã –∏ –æ—Å–Ω–æ–≤—ã –∫–≤–∞–Ω—Ç–æ–≤–æ–π –º–µ—Ö–∞–Ω–∏–∫–∏ ,160,2,0,1,0,0,0,0,0,0,0,0,,0,,0,,0,,0
–¶–µ–ø–∏ –ú–∞—Ä–∫–æ–≤–∞ ,162,2,0,0,0,0,1,0,0,0,0,1,,0,,0,,0,,0
–≠–ª–µ–º–µ–Ω—Ç—ã —Å—Ç–æ—Ö–∞—Å—Ç–∏—á–µ—Å–∫–æ–π –¥–∏–Ω–∞–º–∏–∫–∏ ,163,2,0,0,0,0,1,0,0,0,0,1,,0,,0,,0,,0
,166,,,,,,,,,,,,,,,,,,,
,167,,,,,,,,,,,,,,,,,,,
,169,,,,,,,,,,,,,,,,,,,
,170,,,,,,,,,,,,,,,,,,,
,171,,,,,,,,,,,,,,,,,,,
,172,,,,,,,,,,,,,,,,,,,
,174,,,,,,,,,,,,,,,,,,,
,175,,,,,,,,,,,,,,,,,,,
,177,,,,,,,,,,,,,,,,,,,
,178,,,,,,,,,,,,,,,,,,,
,179,,,,,,,,,,,,,,,,,,,
,180,,,,,,,,,,,,,,,,,,,
,181,,,,,,,,,,,,,,,,,,,
,182,,,,,,,,,,,,,,,,,,,
,183,,,,,,,,,,,,,,,,,,,
,185,,,,,,,,,,,,,,,,,,,
,186,,,,,,,,,,,,,,,,,,,
,187,,,,,,,,,,,,,,,,,,,
,189,,,,,,,,,,,,,,,,,,,
,190,,,,,,,,,,,,,,,,,,,
,191,,,,,,,,,,,,,,,,,,,
,193,,,,,,,,,,,,,,,,,,,
,195,,,,,,,,,,,,,,,,,,,
,196,,,,,,,,,,,,,,,,,,,
,197,,,,,,,,,,,,,,,,,,,
,198,,,,,,,,,,,,,,,,,,,
,199,,,,,,,,,,,,,,,,,,,
,201,,,,,,,,,,,,,,,,,,,
,202,,,,,,,,,,,,,,,,,,,
,203,,,,,,,,,,,,,,,,,,,
,204,,,,,,,,,,,,,,,,,,,
,205,,,,,,,,,,,,,,,,,,,
,207,,,,,,,,,,,,,,,,,,,
,208,,,,,,,,,,,,,,,,,,,
,209,,,,,,,,,,,,,,,,,,,
,210,,,,,,,,,,,,,,,,,,,
,211,,,,,,,,,,,,,,,,,,,
,212,,,,,,,,,,,,,,,,,,,